{
    "checkpoint": "epoch=40-roc_auc=0.8961-pr_auc=0.4152",
    "TEST": [
        {
            "val_loss": 0.14606589078903198,
            "roc_auc": 0.8890352249145508,
            "pr_auc": 0.3965992033481598
        }
    ]
}