{
    "checkpoint": "epoch=23-roc_auc=0.9044-pr_auc=0.4403",
    "TEST": [
        {
            "val_loss": 0.14144890010356903,
            "roc_auc": 0.8963840636406437,
            "pr_auc": 0.41677863526134634
        }
    ]
}