{
    "checkpoint": "epoch=27-roc_auc=0.8948-pr_auc=0.4039",
    "TEST": [
        {
            "val_loss": 0.14877477288246155,
            "roc_auc": 0.8842383623123169,
            "pr_auc": 0.40312695503234863
        }
    ]
}