{
    "checkpoint": "epoch=48-roc_auc=0.9025-pr_auc=0.4342",
    "TEST": [
        {
            "val_loss": 0.14113718271255493,
            "roc_auc": 0.8984697461128235,
            "pr_auc": 0.42327484488487244
        }
    ]
}