{
    "checkpoint": "epoch=25-roc_auc=0.8929-pr_auc=0.4043",
    "TEST": [
        {
            "val_loss": 0.14787425100803375,
            "roc_auc": 0.8844418806039707,
            "pr_auc": 0.4031695377352399
        }
    ]
}