{
    "checkpoint": "epoch=21-roc_auc=0.8906-pr_auc=0.4105",
    "TEST": [
        {
            "val_loss": 0.15020671486854553,
            "roc_auc": 0.8812297582626343,
            "pr_auc": 0.3963519036769867
        }
    ]
}